{
  "model": "LogisticRegression",
  "roc_auc": 0.8032,
  "pr_auc": 0.5612,
  "chosen_threshold": 0.6,
  "valid_size": 294,
  "valid_positive_rate": 0.1598639455782313,
  "created_at": "2026-01-28T19:44:26.934067"
}