{
  "roc_auc": 0.48630312499999995,
  "pr_auc": 0.19309151955443052,
  "best_thresholds_f1": 0.1350021172498147,
  "best_f1": 1.6666666666652776,
  "n_train": 8000,
  "n_test": 2000,
  "pos_rate": 0.2
}