{
  "model": "XGBoost (SAFE feature set)",
  "threshold_default": 0.5,
  "threshold_cost_sensitive": 0.15000000000000002,
  "cost_assumptions": {
    "FP_COST": 1.0,
    "FN_COST": 5.0
  },
  "valid_metrics_default_0.50": {
    "roc_auc": 0.7806426259824318,
    "precision@0.50": 0.40625,
    "recall@0.50": 0.0975,
    "f1@0.50": 0.15725806451612903
  },
  "valid_metrics_cost_sensitive": {
    "threshold": 0.15000000000000002,
    "roc_auc": 0.7806426259824318,
    "precision": 0.303347280334728,
    "recall": 0.725,
    "f1": 0.4277286135693215
  }
}