{
  "roc_auc": 0.8436625514403292,
  "pr_auc": 0.26853793545870036,
  "n_train": 4088,
  "n_test": 1022,
  "possitive_Rate": 0.0487279843444227
}